Department,Employee ID,Feedback
Marketing,E001,"Meetings often extend beyond the scheduled time, making it hard to plan other tasks."
Sales,E002,"I feel pressured to stay in meetings even when they go over time, fearing it might reflect poorly on me."
Engineering,E003,"Our team meetings frequently run over, and there's an unspoken rule that leaving early is frowned upon."
Human Resources,E004,"Sometimes, meetings drag on without a clear agenda, and it's uncomfortable to excuse oneself."
Finance,E005,"It's challenging to leave meetings that overrun, especially when leadership is present."
Customer Support,E006,"Team meetings often exceed the allotted time, impacting my ability to address customer queries promptly."
IT,E007,"There's a culture of extended meetings, and leaving before they conclude is seen as disengagement."
Operations,E008,"Meetings lack time management, and stepping out early feels like breaking team cohesion."
Legal,E009,"Even when meetings become redundant, there's an expectation to stay until the end."
Procurement,E010,"Long meetings disrupt my workflow, but leaving early isn't encouraged."
Administration,E011,"I often find myself staying in meetings longer than necessary to avoid appearing inattentive."
Compliance,E012,"The pressure to remain in prolonged meetings can be mentally exhausting."
Quality Assurance,E013,"When meetings exceed their time, it disrupts my quality checks and scheduled tasks."
Design,E014,"Creative flow gets interrupted when long meetings run past their time slots."
Research,E015,"I hesitate to leave extended meetings for fear it might signal disinterest."
Marketing,E016,"Sometimes meetings feel like status symbols rather than productive sessions."
Sales,E017,"I lose valuable prospecting time when meetings go past the scheduled hour."
Engineering,E018,"Overrunning meetings reduce my focused development hours significantly."
Human Resources,E019,"It's tough to maintain energy in back-to-back meetings with no clear end times."
Finance,E020,"Meetings often begin late and end even later, causing scheduling conflicts."
Customer Support,E021,"Delayed meetings create a backlog in customer responses."
IT,E022,"Technical escalations get sidelined due to prolonged team discussions."
Operations,E023,"I avoid scheduling important work around meeting times due to unpredictability."
Legal,E024,"Sometimes I feel like meetings are more about being seen than contributing."
Procurement,E025,"It’s hard to speak up when meetings go long, especially with senior staff present."
Administration,E026,"People hesitate to end discussions, even when the key points have been covered."
Compliance,E027,"There's no accountability for meeting overruns, which sets a poor precedent."
Quality Assurance,E028,"Excessive meeting durations compromise testing cycles."
Design,E029,"I can't focus on design tasks after mentally draining extended meetings."
Research,E030,"Meeting fatigue lowers my research productivity."
Marketing,E031,"Even when my part in the meeting is done, I feel obligated to stay till the end."
Sales,E032,"Sometimes I lose deals because I’m stuck in meetings beyond their scope."
Engineering,E033,"We need a stronger culture of respecting time boundaries in meetings."
Human Resources,E034,"People equate attendance with performance, which is misleading."
Finance,E035,"I miss financial deadlines due to unchecked meeting durations."
Customer Support,E036,"Customer escalations increase when internal meetings go over time."
IT,E037,"My support tickets pile up during these lengthy discussions."
Operations,E038,"Efficiency suffers when meetings become free-form discussions with no closure."
Legal,E039,"Meetings need timekeepers to avoid unnecessary extensions."
Procurement,E040,"Discussions often repeat across meetings, wasting more time."
Administration,E041,"Lack of punctuality in meetings sets a tone for inefficiency."
Compliance,E042,"We need clearer protocols for ending meetings respectfully."
Quality Assurance,E043,"Extended meetings reduce available time for post-release analysis."
Design,E044,"When meetings are unfocused, they become mentally draining and time-wasting."
Research,E045,"Even short overruns compound into a major time sink across the week."
Marketing,E046,"We often spend more time recapping previous meetings than making decisions."
Sales,E047,"The sales cycle suffers when I'm not available due to overlapping meetings."
Engineering,E048,"Sometimes I wish we had a policy for optional meeting segments."
Human Resources,E049,"When meetings run long, it feels inconsiderate of everyone’s workload."
Finance,E050,"Time management in meetings could save the department hours weekly."
Customer Support,E051,"Repeated topics waste time and reduce motivation to participate."
IT,E052,"Long meetings delay scheduled system maintenance windows."
Operations,E053,"There's little structure to end meetings once they start drifting off-topic."
Legal,E054,"I stay silent in meetings just to avoid prolonging them further."
Procurement,E055,"Sometimes I join late knowing meetings rarely start or end on time."
Administration,E056,"The meeting culture here needs boundaries for start and end times."
Compliance,E057,"We should normalize declining extended meetings that aren’t productive."
Quality Assurance,E058,"My ability to maintain quality is compromised by time lost in lengthy meetings."
Design,E059,"Even brainstorming becomes ineffective when meetings drag beyond attention spans."
Research,E060,"Timeboxing discussions would help keep our workday more structured."
Marketing,E061,"There's rarely a clear wrap-up, so we keep circling around the same points."
Sales,E062,"Pushing past meeting limits shows poor respect for people’s calendars."
Engineering,E063,"I’d appreciate if meetings had built-in 'opt-out' checkpoints."
Human Resources,E064,"Endless meetings foster burnout and reduced participation."
Finance,E065,"Finance reviews often run long because of last-minute additions."
Customer Support,E066,"The meeting pace rarely considers frontline service responsibilities."
IT,E067,"Scheduled work gets postponed because of meetings going overtime."
Operations,E068,"Prolonged meetings affect cross-team coordination efforts."
Legal,E069,"We need stricter adherence to time slots in legal briefings."
Procurement,E070,"Routine meetings often spiral into unplanned discussions."
Administration,E071,"Time tracking is difficult when meetings don't follow a fixed duration."
Compliance,E072,"We should train leaders on efficient meeting facilitation."
Quality Assurance,E073,"Late meetings throw off deployment testing."
Design,E074,"My productivity drops after multiple long meetings in a row."
Research,E075,"We need buffer periods between meetings for knowledge work."
Marketing,E076,"Overrunning meetings show poor preparation."
Sales,E077,"Client follow-ups get delayed when internal meetings extend unexpectedly."
Engineering,E078,"A culture of respecting calendar slots would improve engineering output."
Human Resources,E079,"People equate meeting duration with productivity, which isn’t accurate."
Finance,E080,"Financial analysis suffers when I’m caught in long strategy meetings."
Customer Support,E081,"Support metrics dip when meetings are not time-boxed."
IT,E082,"Prolonged stand-ups turn into issue debugging sessions."
Operations,E083,"We need to respect the calendar to maintain operational flow."
Legal,E084,"Legal teams often repeat previous discussions without conclusion."
Procurement,E085,"We need to differentiate between urgent and routine meetings."
Administration,E086,"Daily planning is difficult with unpredictable meeting lengths."
Compliance,E087,"Policy reviews should have time-capped formats."
Quality Assurance,E088,"Testing windows are often cut short due to prolonged calls."
Design,E089,"Creativity suffers after long meetings with no actionable outcomes."
Research,E090,"Extended meetings make it hard to enter a research mindset afterward."
Marketing,E091,"We frequently go past our slot without revisiting if it’s necessary."
Sales,E092,"Long calls during peak sales hours hurt our numbers."
Engineering,E093,"More focused agendas could prevent scope creep in meetings."
Human Resources,E094,"Well-timed breaks and clear boundaries could reduce fatigue."
Finance,E095,"Time overruns reduce accuracy in end-of-day reporting."
Customer Support,E096,"Frequent meetings take time away from issue resolution."
IT,E097,"Even necessary meetings need better moderation to stay on track."
Operations,E098,"Team morale dips when every meeting feels like a time sink."
Legal,E099,"It's hard to stay sharp during meetings that lack focus or purpose."
Procurement,E100,"Overextended meetings often cover unrelated topics."
Chris Department, Chris, "I hate my manager so much and I organised this negative feedback I am a problem grrrrrrrrrr"

